{
    "enzyme" : {
        "epochs" : 500,
        "max_patience" : 10,
        "n_ensemble" : 5,
        "loss_fn" : "LogCoshLoss()",
        "lr" : 0.00002096541772960284,
        "weight_decay" : 0.026214102553723025,
        "batch_size" : 4,
        "enc_FF_dim_half" : 1024,
        "att_dropout_half" : 0.03833574056625366,
        "att_layers_half" : 1,
        "enc_FF_dim_full" : 1024,
        "att_dropout_full" : 0.11346315145492554,
        "att_layers_full" : 2,
        "embed_dim" : 512,
        "embed_dim_periodic_compound" : 256,
        "embed_dim_periodic_protein" : 512,
        "embed_sigma_compound" : 29.77009052012659,
        "embed_sigma_protein" : 0.03219521579246971
    },
    "epigenetic_regulator" : {
        "epochs" : 500,
        "max_patience" : 10,
        "n_ensemble" : 5,
        "loss_fn" : "LogCoshLoss()",
        "lr" : 0.00006188807146379837,
        "weight_decay" : 0.007220093275395618,
        "batch_size" : 8,
        "enc_FF_dim_half" : 512,
        "att_dropout_half" : 0.024895068455360814,
        "att_layers_half" : 1,
        "enc_FF_dim_full" : 512,
        "att_dropout_full" : 0.13923039462813938,
        "att_layers_full" : 6,
        "embed_dim" : 128,
        "embed_dim_periodic_compound" : 256,
        "embed_dim_periodic_protein" : 32,
        "embed_sigma_compound" : 0.2279899092737613,
        "embed_sigma_protein" : 51.413707409660475
    },
    "gpcr" : {
        "epochs" : 500,
        "max_patience" : 10,
        "n_ensemble" : 5,
        "loss_fn" : "LogCoshLoss()",
        "lr" : 0.00002096541772960284,
        "weight_decay" : 0.026214102553723025,
        "batch_size" : 4,
        "enc_FF_dim_half" : 1024,
        "att_dropout_half" : 0.03833574056625366,
        "att_layers_half" : 1,
        "enc_FF_dim_full" : 1024,
        "att_dropout_full" : 0.11346315145492554,
        "att_layers_full" : 2,
        "embed_dim" : 512,
        "embed_dim_periodic_compound" : 256,
        "embed_dim_periodic_protein" : 512,
        "embed_sigma_compound" : 29.77009052012659,
        "embed_sigma_protein" : 0.03219521579246971
    },
    "ion_channel" : {
        "epochs" : 500,
        "max_patience" : 10,
        "n_ensemble" : 5,
        "loss_fn" : "LogCoshLoss()",
        "lr" : 0.00004733168112535111,
        "weight_decay" : 0.09946269320165103,
        "batch_size" : 4,
        "enc_FF_dim_half" : 512,
        "att_dropout_half" : 0.06802419519529995,
        "att_layers_half" : 1,
        "enc_FF_dim_full" : 512,
        "att_dropout_full" : 0.1480418411495571,
        "att_layers_full" : 5,
        "embed_dim" : 256,
        "embed_dim_periodic_compound" : 32,
        "embed_dim_periodic_protein" : 1024,
        "embed_sigma_compound" : 3.6645238887307903,
        "embed_sigma_protein" : 1.1101324117297011
    },
    "kinase" : {
        "epochs" : 500,
        "max_patience" : 10,
        "n_ensemble" : 5,
        "loss_fn" : "LogCoshLoss()",
        "lr" : 0.00005333199610800675,
        "weight_decay" : 0.03020218199393348,
        "batch_size" : 32,
        "enc_FF_dim_half" : 2048,
        "att_dropout_half" : 0.10288186926532676,
        "att_layers_half" : 1,
        "enc_FF_dim_full" : 2048,
        "att_dropout_full" : 0.1703396286443448,
        "att_layers_full" : 6,
        "embed_dim" : 512,
        "embed_dim_periodic_compound" : 128,
        "embed_dim_periodic_protein" : 512,
        "embed_sigma_compound" : 76.86996552218493,
        "embed_sigma_protein" : 15.527592960515731
    },
    "nuclear_receptor" : {
        "epochs" : 500,
        "max_patience" : 10,
        "n_ensemble" : 5,
        "loss_fn" : "LogCoshLoss()",
        "lr" : 0.00003655781030643978,
        "weight_decay" : 0.04313531543540536,
        "batch_size" : 32,
        "enc_FF_dim_half" : 512,
        "att_dropout_half" : 0.10135533149171772,
        "att_layers_half" : 1,
        "enc_FF_dim_full" : 2048,
        "att_dropout_full" : 0.11819250881671906,
        "att_layers_full" : 2,
        "embed_dim" : 256,
        "embed_dim_periodic_compound" : 256,
        "embed_dim_periodic_protein" : 128,
        "embed_sigma_compound" : 0.03618674223143419,
        "embed_sigma_protein" : 0.15023160676636654
    },
    "transporter" : {
        "epochs" : 500,
        "max_patience" : 10,
        "n_ensemble" : 5,
        "loss_fn" : "LogCoshLoss()",
        "lr" : 0.00001561328361629815,
        "weight_decay" : 0.007731552936715683,
        "batch_size" : 4,
        "enc_FF_dim_half" : 2048,
        "att_dropout_half" : 0.09994200272611452,
        "att_layers_half" : 1,
        "enc_FF_dim_full" : 512,
        "att_dropout_full" : 0.1370749770999484,
        "att_layers_full" : 2,
        "embed_dim" : 512,
        "embed_dim_periodic_compound" : 256,
        "embed_dim_periodic_protein" : 128,
        "embed_sigma_compound" : 0.014371613713553996,
        "embed_sigma_protein" : 1.1790690536923336
    }
}